{"stats":{"minecraft:used":{"sn0wfrogs_capybaras:capybara_spawn_egg":1,"minecraft:grass_block":1},"minecraft:custom":{"minecraft:jump":44,"minecraft:time_since_rest":111394,"minecraft:damage_dealt":10,"minecraft:crouch_one_cm":399,"minecraft:leave_game":3,"minecraft:play_time":111394,"minecraft:walk_on_water_one_cm":896,"minecraft:time_since_death":111394,"minecraft:walk_one_cm":28458,"minecraft:sneak_time":543,"minecraft:total_world_time":111394,"minecraft:walk_under_water_one_cm":1848,"minecraft:fly_one_cm":8350}},"DataVersion":3465}