{"stats":{"minecraft:used":{"minecraft:andesite_stairs":4,"minecraft:andesite":5,"minecraft:andesite_slab":16,"minecraft:jungle_wood":1,"minecraft:stone":12,"minecraft:dirt":13,"minecraft:spruce_log":1,"supplementaries:daub_frame":2,"minecraft:grass_block":6},"minecraft:custom":{"minecraft:jump":17,"minecraft:time_since_rest":33738,"minecraft:crouch_one_cm":8,"minecraft:leave_game":1,"minecraft:play_time":33738,"minecraft:time_since_death":33738,"minecraft:walk_one_cm":10330,"minecraft:sneak_time":115,"minecraft:total_world_time":33738,"minecraft:fly_one_cm":2515},"minecraft:picked_up":{"minecraft:stick":2,"minecraft:acacia_sapling":4}},"DataVersion":3465}