{"stats":{"minecraft:used":{"gofish:matrix_rod":5,"minecraft:ender_pearl":1,"simplyswords:diamond_cutlass":4,"simplyswords:diamond_twinblade":10,"simplyswords:diamond_greataxe":6,"minecraft:golden_carrot":5,"simplyswords:diamond_sai":19,"simplyswords:diamond_claymore":55,"minecraft:black_bed":1,"minecraft:obsidian":2,"gofish:wooden_crate":1},"minecraft:mined":{"minecraft:black_bed":1,"gofish:wooden_crate":1,"minecraft:grass":8,"minecraft:tall_grass":3,"minecraft:bamboo":3,"minecraft:small_dripleaf":1,"minecraft:fern":1},"minecraft:custom":{"minecraft:time_since_rest":13120,"minecraft:sprint_one_cm":79667,"minecraft:damage_taken":195,"minecraft:walk_one_cm":46357,"minecraft:mob_kills":31,"minecraft:drop":3,"minecraft:damage_dealt":3966,"minecraft:swim_one_cm":3966,"minecraft:fly_one_cm":241194,"minecraft:open_chest":1,"minecraft:crouch_one_cm":2368,"minecraft:play_time":28137,"minecraft:sneak_time":750,"minecraft:walk_under_water_one_cm":4067,"minecraft:jump":829,"minecraft:leave_game":2,"minecraft:walk_on_water_one_cm":6108,"minecraft:time_since_death":28137,"minecraft:sleep_in_bed":1,"minecraft:total_world_time":28137,"minecraft:climb_one_cm":28,"minecraft:fish_caught":1,"minecraft:fall_one_cm":66237},"minecraft:dropped":{"simplyswords:shadowsting":1,"patchouli:guide_book":2},"minecraft:picked_up":{"gofish:wooden_crate":2,"minecraft:feather":2,"minecraft:chicken":1,"patchouli:guide_book":1,"minecraft:black_bed":1,"minecraft:leather":11,"simplyswords:shadowsting":1,"minecraft:porkchop":10,"minecraft:carrot":6,"minecraft:string":6,"gofish:seaweed":10,"minecraft:name_tag":1,"minecraft:bone":5,"minecraft:arrow":3,"minecraft:beetroot":4,"minecraft:kelp":8,"minecraft:gold_nugget":7,"minecraft:beef":13,"minecraft:cobweb":12,"minecraft:mutton":2,"minecraft:coal":4,"minecraft:cod":1,"minecraft:ender_pearl":1},"minecraft:killed":{"minecraft:sheep":8,"minecraft:skeleton":5,"sn0wfrogs_capybaras:capybara":2,"minecraft:zombie":3,"minecraft:pig":4,"minecraft:chicken":1,"minecraft:enderman":1,"minecraft:cow":7}},"DataVersion":3465}