{"stats":{"minecraft:used":{"simplyswords:diamond_twinblade":4,"simplyswords:diamond_greataxe":2,"minecraft:golden_carrot":1,"gofish:matrix_rod":5,"simplyswords:diamond_cutlass":4,"minecraft:black_bed":1,"gofish:wooden_crate":1},"minecraft:mined":{"minecraft:grass":2,"minecraft:tall_grass":2,"minecraft:black_bed":1,"gofish:wooden_crate":1},"minecraft:custom":{"minecraft:time_since_rest":1120,"minecraft:crouch_one_cm":2096,"minecraft:play_time":16137,"minecraft:sprint_one_cm":30269,"minecraft:walk_one_cm":21735,"minecraft:sneak_time":663,"minecraft:drop":2,"minecraft:jump":417,"minecraft:damage_dealt":15,"minecraft:leave_game":2,"minecraft:time_since_death":16137,"minecraft:walk_on_water_one_cm":1471,"minecraft:sleep_in_bed":1,"minecraft:climb_one_cm":28,"minecraft:total_world_time":16137,"minecraft:fish_caught":1,"minecraft:fall_one_cm":17594,"minecraft:fly_one_cm":102803},"minecraft:dropped":{"patchouli:guide_book":2},"minecraft:picked_up":{"gofish:wooden_crate":2,"gofish:seaweed":10,"minecraft:name_tag":1,"patchouli:guide_book":1,"minecraft:beetroot":4,"minecraft:black_bed":1,"minecraft:kelp":8,"minecraft:gold_nugget":7,"minecraft:cobweb":12,"minecraft:carrot":6,"minecraft:cod":1,"minecraft:coal":4,"minecraft:string":6}},"DataVersion":3465}