[
  {
    "ID": "cffb41d9-6987-4f0b-9af1-58024a884d52",
    "Name": "",
    "PosxXzZY": [
      125,
      139,
      -33,
      -17,
      67
    ],
    "Home": [
      132,
      78,
      -25
    ],
    "EnterTitle": "",
    "EnterSubtitle": "",
    "LeaveTitle": "",
    "LeaveSubtitle": "",
    "Potions": {},
    "AllowedItems": [],
    "AllowedUseBlocks": [],
    "AllowedBreakBlocks": [],
    "AllowedEntityAttack": [],
    "AllowedEntityUse": [],
    "GlobalPerms": [
      "flan:enderman",
      "flan:drop",
      "flan:can_stay",
      "flan:snow_golem",
      "flan:enchantment",
      "flan:lock_items",
      "flan:portal",
      "flan:flight",
      "flan:pickup",
      "flan:enderchest"
    ],
    "PermGroup": {
      "Visitor": {
        "flan:door": true,
        "flan:button_lever": true,
        "flan:pressure_plate": true,
        "flan:enchantment": true,
        "flan:trapdoor": true,
        "flan:fence_gate": true,
        "flan:portal": true,
        "flan:enderchest": true,
        "flan:bed": true,
        "flan:itemframe_rotate": true,
        "flan:trading": true
      },
      "Co-Owner": {
        "flan:armorstand": true,
        "flan:edit_claim": true,
        "flan:projectiles": true,
        "flan:button_lever": true,
        "flan:break": true,
        "flan:pickup": true,
        "flan:enderchest": true,
        "flan:edit_perms": true,
        "flan:can_stay": true,
        "flan:open_container": true,
        "flan:boat": true,
        "flan:lectern_take": true,
        "flan:pressure_plate": true,
        "flan:noteblock": true,
        "flan:place": true,
        "flan:portal": true,
        "flan:hurt_animal": true,
        "flan:trample": true,
        "flan:ender_pearl": true,
        "flan:target_block": true,
        "flan:break_non_living": true,
        "flan:endcrystal_place": true,
        "flan:drop": true,
        "flan:claim_message": true,
        "flan:anvil": true,
        "flan:door": true,
        "flan:interact_sign": true,
        "flan:fence_gate": true,
        "flan:frost_walker": true,
        "flan:chorus_fruit": true,
        "flan:xp": true,
        "flan:jukebox": true,
        "flan:animal_interact": true,
        "flan:minecart": true,
        "flan:raid": true,
        "flan:enchantment": true,
        "flan:beacon": true,
        "flan:trapdoor": true,
        "flan:interact_block": true,
        "flan:redstone": true,
        "flan:bucket": true,
        "flan:bed": true,
        "flan:trading": true,
        "flan:itemframe_rotate": true
      }
    }
  }
]