{
  "smelting:recipes/misc/raw_iron_block": {
    "criteria": {
      "has_iron": "2024-11-17 00:22:23 +0000"
    },
    "done": true
  },
  "simplyswords:grant_book_on_first_join": {
    "criteria": {
      "tick": "2024-11-17 00:22:23 +0000"
    },
    "done": true
  },
  "seasonsextras:recipes/season_detector": {
    "criteria": {
      "has_detector": "2024-11-17 00:22:23 +0000"
    },
    "done": true
  },
  "smelting:recipes/misc/raw_gold_block": {
    "criteria": {
      "has_gold": "2024-11-17 00:22:23 +0000"
    },
    "done": true
  },
  "seasonsextras:recipes/tinted_greenhouse_glass": {
    "criteria": {
      "has_glass": "2024-11-17 00:22:23 +0000"
    },
    "done": true
  },
  "incendium:technical/new_player": {
    "criteria": {
      "requirement": "2024-11-17 00:22:23 +0000"
    },
    "done": true
  },
  "seasonsextras:recipes/crop_season_tester": {
    "criteria": {
      "has_iron": "2024-11-17 00:22:23 +0000"
    },
    "done": true
  },
  "smelting:recipes/misc/raw_copper_block": {
    "criteria": {
      "has_copper": "2024-11-17 00:22:23 +0000"
    },
    "done": true
  },
  "niftycarts:recipes/supply_cart": {
    "criteria": {
      "has_wheel": "2024-11-17 00:22:23 +0000"
    },
    "done": true
  },
  "minecraft:recipes/building_blocks/purpur_stairs": {
    "criteria": {
      "has_block": "2024-11-17 00:22:23 +0000"
    },
    "done": true
  },
  "betterdungeons:root": {
    "criteria": {
      "always": "2024-11-17 00:22:23 +0000"
    },
    "done": true
  },
  "seasonsextras:recipes/air_conditioning": {
    "criteria": {
      "has_furnace": "2024-11-17 00:22:23 +0000"
    },
    "done": true
  },
  "minecraft:recipes/building_blocks/purpur_slab": {
    "criteria": {
      "has_block": "2024-11-17 00:22:23 +0000"
    },
    "done": true
  },
  "seasonsextras:recipes/greenhouse_glass": {
    "criteria": {
      "has_glass": "2024-11-17 00:22:23 +0000"
    },
    "done": true
  },
  "farmersdelight:main/root": {
    "criteria": {
      "seeds": "2024-11-17 00:22:23 +0000"
    },
    "done": true
  },
  "minecraft:recipes/building_blocks/purpur_block": {
    "criteria": {
      "has_block": "2024-11-17 00:22:23 +0000"
    },
    "done": true
  },
  "niftycarts:recipes/animal_cart": {
    "criteria": {
      "has_wheel": "2024-11-17 00:22:23 +0000"
    },
    "done": true
  },
  "minecraft:recipes/decorations/crafting_table": {
    "criteria": {
      "unlock_right_away": "2024-11-17 00:22:24 +0000"
    },
    "done": true
  },
  "minecraft:recipes/building_blocks/purpur_pillar": {
    "criteria": {
      "has_block": "2024-11-17 00:22:24 +0000"
    },
    "done": true
  },
  "dungeons_arise:wda_root": {
    "criteria": {
      "WDA": "2024-11-17 00:22:24 +0000"
    },
    "done": true
  },
  "the_bumblezone:root": {
    "criteria": {
      "instant_granted": "2024-11-17 00:22:24 +0000"
    },
    "done": true
  },
  "seasonsextras:recipes/season_calendar": {
    "criteria": {
      "has_clock": "2024-11-17 00:22:24 +0000"
    },
    "done": true
  },
  "niftycarts:recipes/plow": {
    "criteria": {
      "has_wheel": "2024-11-17 00:22:24 +0000"
    },
    "done": true
  },
  "betterdeserttemples:root": {
    "criteria": {
      "always": "2024-11-17 00:22:24 +0000"
    },
    "done": true
  },
  "the_bumblezone:wiki": {
    "criteria": {
      "instant_granted": "2024-11-17 00:22:24 +0000"
    },
    "done": true
  },
  "watching:main/root": {
    "criteria": {
      "requirement": "2024-11-17 00:22:24 +0000"
    },
    "done": true
  },
  "reimaginingpotatoes:root": {
    "criteria": {
      "joined_world": "2024-11-17 00:22:41 +0000"
    },
    "done": true
  },
  "incendium:technical/using/shield": {
    "criteria": {
      "log_spam_fixer": "2024-11-17 00:22:41 +0000"
    },
    "done": false
  },
  "incendium:technical/scroll_of_returning": {
    "criteria": {
      "log_spam_fixer": "2024-11-17 00:22:41 +0000"
    },
    "done": false
  },
  "incendium:technical/using/ragnarok": {
    "criteria": {
      "log_spam_fixer": "2024-11-17 00:22:41 +0000"
    },
    "done": false
  },
  "incendium:technical/using/trailblazer": {
    "criteria": {
      "log_spam_fixer": "2024-11-17 00:22:41 +0000"
    },
    "done": false
  },
  "minecraft:recipes/combat/leather_helmet": {
    "criteria": {
      "has_leather": "2024-11-17 00:36:43 +0000"
    },
    "done": true
  },
  "mutantmonsters:root": {
    "criteria": {
      "killed_something": "2024-11-17 00:36:42 +0000"
    },
    "done": true
  },
  "deeperdarker:recipes/transportation/echo_boat": {
    "criteria": {
      "in_water": "2024-11-17 00:31:56 +0000"
    },
    "done": true
  },
  "minecraft:recipes/food/cooked_chicken_from_campfire_cooking": {
    "criteria": {
      "has_chicken": "2024-11-17 00:39:34 +0000"
    },
    "done": true
  },
  "minecraft:recipes/food/cooked_mutton_from_smoking": {
    "criteria": {
      "has_mutton": "2024-11-17 00:45:24 +0000"
    },
    "done": true
  },
  "farmersdelight:recipes/cooking/rabbit_stew": {
    "criteria": {
      "has_any_ingredient": "2024-11-17 00:32:36 +0000"
    },
    "done": true
  },
  "minecraft:husbandry/fishy_business": {
    "criteria": {
      "cod": "2024-11-17 00:33:04 +0000"
    },
    "done": true
  },
  "minecraft:recipes/food/cooked_cod_from_smoking": {
    "criteria": {
      "has_cod": "2024-11-17 00:33:06 +0000"
    },
    "done": true
  },
  "minecraft:recipes/misc/white_dye": {
    "criteria": {
      "has_bone_meal": "2024-11-17 00:38:42 +0000"
    },
    "done": true
  },
  "minecraft:recipes/food/beetroot_soup": {
    "criteria": {
      "has_beetroot": "2024-11-17 00:32:36 +0000"
    },
    "done": true
  },
  "farmersdelight:recipes/cooking/chicken_soup": {
    "criteria": {
      "has_any_ingredient": "2024-11-17 00:32:36 +0000"
    },
    "done": true
  },
  "minecraft:recipes/combat/leather_chestplate": {
    "criteria": {
      "has_leather": "2024-11-17 00:36:43 +0000"
    },
    "done": true
  },
  "oceansdelight:recipes/oceansdelight/stuffed_cod": {
    "criteria": {
      "has_cod": "2024-11-17 00:33:06 +0000"
    },
    "done": true
  },
  "minecraft:recipes/decorations/chest": {
    "criteria": {
      "has_lots_of_items": "2024-11-17 00:32:36 +0000"
    },
    "done": true
  },
  "minecraft:recipes/brewing/golden_carrot": {
    "criteria": {
      "has_gold_nugget": "2024-11-17 00:32:36 +0000"
    },
    "done": true
  },
  "minecraft:adventure/sleep_in_bed": {
    "criteria": {
      "slept_in_bed": "2024-11-17 00:35:19 +0000"
    },
    "done": true
  },
  "minecraft:recipes/transportation/cherry_boat": {
    "criteria": {
      "in_water": "2024-11-17 00:31:56 +0000"
    },
    "done": true
  },
  "minecraft:adventure/kill_all_mobs": {
    "criteria": {
      "minecraft:skeleton": "2024-11-17 00:37:02 +0000",
      "minecraft:enderman": "2024-11-17 00:42:56 +0000",
      "minecraft:zombie": "2024-11-17 00:42:09 +0000"
    },
    "done": false
  },
  "minecraft:recipes/redstone/tripwire_hook": {
    "criteria": {
      "has_string": "2024-11-17 00:32:36 +0000"
    },
    "done": true
  },
  "reimaginingpotatoes:recipes/building_blocks/poisonous_potato_block": {
    "criteria": {
      "has_poisonous_potato": "2024-11-17 00:38:41 +0000"
    },
    "done": true
  },
  "minecraft:recipes/transportation/bamboo_raft": {
    "criteria": {
      "in_water": "2024-11-17 00:31:56 +0000"
    },
    "done": true
  },
  "farmersdelight:recipes/cooking/baked_cod_stew": {
    "criteria": {
      "has_any_ingredient": "2024-11-17 00:33:06 +0000"
    },
    "done": true
  },
  "minecraft:recipes/decorations/candle": {
    "criteria": {
      "has_string": "2024-11-17 00:32:36 +0000"
    },
    "done": true
  },
  "minecraft:recipes/misc/leather_horse_armor": {
    "criteria": {
      "has_leather": "2024-11-17 00:36:43 +0000"
    },
    "done": true
  },
  "overweight_farming:recipes/apply_fullmetal_directly_to_compost": {
    "criteria": {
      "has_bone_meal": "2024-11-17 00:38:42 +0000"
    },
    "done": true
  },
  "respawnablepets:recipes/tools/etheric_gem": {
    "criteria": {
      "has_ender_pearl": "2024-11-17 00:43:10 +0000"
    },
    "done": true
  },
  "minecraft:recipes/food/dried_kelp_from_smoking": {
    "criteria": {
      "has_kelp": "2024-11-17 00:32:36 +0000"
    },
    "done": true
  },
  "minecraft:recipes/food/cooked_beef_from_smoking": {
    "criteria": {
      "has_beef": "2024-11-17 00:36:42 +0000"
    },
    "done": true
  },
  "minecraft:recipes/food/cooked_porkchop": {
    "criteria": {
      "has_porkchop": "2024-11-17 00:39:13 +0000"
    },
    "done": true
  },
  "simplyswords:shadowsting": {
    "criteria": {
      "requirement": "2024-11-17 00:33:58 +0000"
    },
    "done": true
  },
  "overweight_farming:recipes/apply_violent_fullmetal_directly_to_compost": {
    "criteria": {
      "has_bone_meal": "2024-11-17 00:38:42 +0000"
    },
    "done": true
  },
  "hangglider:recipes/tools/glider_wing": {
    "criteria": {
      "has_leather": "2024-11-17 00:36:43 +0000"
    },
    "done": true
  },
  "minecraft:recipes/decorations/campfire": {
    "criteria": {
      "has_coal": "2024-11-17 00:32:36 +0000"
    },
    "done": true
  },
  "reimaginingpotatoes:recipes/combat/poisonous_potato_chestplate": {
    "criteria": {
      "has_poisonous_potato": "2024-11-17 00:38:41 +0000"
    },
    "done": true
  },
  "minecraft:recipes/misc/red_dye_from_beetroot": {
    "criteria": {
      "has_beetroot": "2024-11-17 00:32:36 +0000"
    },
    "done": true
  },
  "minecraft:recipes/food/cooked_chicken_from_smoking": {
    "criteria": {
      "has_chicken": "2024-11-17 00:39:34 +0000"
    },
    "done": true
  },
  "minecraft:recipes/decorations/item_frame": {
    "criteria": {
      "has_leather": "2024-11-17 00:36:43 +0000"
    },
    "done": true
  },
  "deeperdarker:main/warden_armor": {
    "criteria": {
      "warden_armor": "2024-11-17 00:33:56 +0000"
    },
    "done": true
  },
  "farmersdelight:recipes/cooking/pasta_with_meatballs": {
    "criteria": {
      "has_any_ingredient": "2024-11-17 00:36:42 +0000"
    },
    "done": true
  },
  "minecraft:story/form_obsidian": {
    "criteria": {
      "obsidian": "2024-11-17 00:38:39 +0000"
    },
    "done": true
  },
  "minecraft:recipes/transportation/acacia_boat": {
    "criteria": {
      "in_water": "2024-11-17 00:31:56 +0000"
    },
    "done": true
  },
  "minecraft:adventure/root": {
    "criteria": {
      "killed_something": "2024-11-17 00:36:42 +0000"
    },
    "done": true
  },
  "minecraft:recipes/combat/crossbow": {
    "criteria": {
      "has_string": "2024-11-17 00:32:36 +0000"
    },
    "done": true
  },
  "minecraft:recipes/food/cooked_porkchop_from_smoking": {
    "criteria": {
      "has_porkchop": "2024-11-17 00:39:13 +0000"
    },
    "done": true
  },
  "farmersdelight:recipes/cooking/beetroot_soup": {
    "criteria": {
      "has_beetroot": "2024-11-17 00:32:36 +0000"
    },
    "done": true
  },
  "minecraft:recipes/combat/leather_boots": {
    "criteria": {
      "has_leather": "2024-11-17 00:36:43 +0000"
    },
    "done": true
  },
  "reimaginingpotatoes:recipes/misc/potato_hammer": {
    "criteria": {
      "has_poisonous_potato": "2024-11-17 00:38:41 +0000"
    },
    "done": true
  },
  "chunkloaders:recipes/misc/basic_chunk_loader": {
    "criteria": {
      "recipe_condition": "2024-11-17 00:43:10 +0000"
    },
    "done": true
  },
  "consistency_plus:recipes/gold_nugget": {
    "criteria": {
      "has_block": "2024-11-17 00:32:36 +0000"
    },
    "done": true
  },
  "minecraft:recipes/food/cooked_beef": {
    "criteria": {
      "has_beef": "2024-11-17 00:36:42 +0000"
    },
    "done": true
  },
  "minecraft:recipes/transportation/jungle_boat": {
    "criteria": {
      "in_water": "2024-11-17 00:31:56 +0000"
    },
    "done": true
  },
  "reimaginingpotatoes:recipes/building_blocks/expired_baked_potato_bricks": {
    "criteria": {
      "has_poisonous_potato": "2024-11-17 00:38:41 +0000"
    },
    "done": true
  },
  "farmersdelight:recipes/food/horse_feed": {
    "criteria": {
      "has_golden_carrot": "2024-11-17 00:25:48 +0000"
    },
    "done": true
  },
  "minecraft:recipes/building_blocks/bone_block": {
    "criteria": {
      "has_bone_meal": "2024-11-17 00:38:42 +0000"
    },
    "done": true
  },
  "farmersdelight:recipes/cooking/dog_food": {
    "criteria": {
      "has_any_ingredient": "2024-11-17 00:38:42 +0000"
    },
    "done": true
  },
  "gofish:fishing/seaweed": {
    "criteria": {
      "fish": "2024-11-17 00:32:36 +0000"
    },
    "done": true
  },
  "minecraft:recipes/combat/leather_leggings": {
    "criteria": {
      "has_leather": "2024-11-17 00:36:43 +0000"
    },
    "done": true
  },
  "adventurez:recipes/ender_flute_recipe": {
    "criteria": {
      "got_the_ender_pearl": "2024-11-17 00:43:10 +0000"
    },
    "done": true
  },
  "minecraft:recipes/food/dried_kelp_from_smelting": {
    "criteria": {
      "has_kelp": "2024-11-17 00:32:36 +0000"
    },
    "done": true
  },
  "farmersdelight:recipes/cooking/fish_stew": {
    "criteria": {
      "has_any_ingredient": "2024-11-17 00:33:06 +0000"
    },
    "done": true
  },
  "minecraft:recipes/misc/iron_nugget_from_smelting": {
    "criteria": {
      "has_iron_hoe": "2024-11-17 00:38:40 +0000"
    },
    "done": true
  },
  "minecraft:recipes/food/baked_potato_from_campfire_cooking": {
    "criteria": {
      "has_potato": "2024-11-17 00:38:41 +0000"
    },
    "done": true
  },
  "minecraft:recipes/food/dried_kelp_from_campfire_cooking": {
    "criteria": {
      "has_kelp": "2024-11-17 00:32:36 +0000"
    },
    "done": true
  },
  "minecraft:recipes/food/cooked_chicken": {
    "criteria": {
      "has_chicken": "2024-11-17 00:39:34 +0000"
    },
    "done": true
  },
  "minecraft:recipes/combat/bow": {
    "criteria": {
      "has_string": "2024-11-17 00:32:36 +0000"
    },
    "done": true
  },
  "reimaginingpotatoes:recipes/combat/poisonous_pota_toes": {
    "criteria": {
      "has_poisonous_potato": "2024-11-17 00:38:41 +0000"
    },
    "done": true
  },
  "minecraft:recipes/food/baked_potato": {
    "criteria": {
      "has_potato": "2024-11-17 00:38:41 +0000"
    },
    "done": true
  },
  "watching:main/found_herobrine_structure": {
    "criteria": {
      "requirement": "2024-11-17 00:31:59 +0000"
    },
    "done": true
  },
  "minecraft:recipes/misc/gold_ingot_from_nuggets": {
    "criteria": {
      "has_gold_nugget": "2024-11-17 00:32:36 +0000"
    },
    "done": true
  },
  "farmersdelight:recipes/cooking/noodle_soup": {
    "criteria": {
      "has_any_ingredient": "2024-11-17 00:39:13 +0000"
    },
    "done": true
  },
  "minecraft:recipes/combat/arrow": {
    "criteria": {
      "has_feather": "2024-11-17 00:39:34 +0000"
    },
    "done": true
  },
  "farmersdelight:recipes/cooking/vegetable_noodles": {
    "criteria": {
      "has_any_ingredient": "2024-11-17 00:32:36 +0000"
    },
    "done": true
  },
  "minecraft:recipes/tools/fishing_rod": {
    "criteria": {
      "has_string": "2024-11-17 00:32:36 +0000"
    },
    "done": true
  },
  "minecraft:recipes/food/cooked_porkchop_from_campfire_cooking": {
    "criteria": {
      "has_porkchop": "2024-11-17 00:39:13 +0000"
    },
    "done": true
  },
  "farmersdelight:recipes/cooking/pumpkin_soup": {
    "criteria": {
      "has_any_ingredient": "2024-11-17 00:39:13 +0000"
    },
    "done": true
  },
  "reimaginingpotatoes:recipes/food/poisonous_potato_sticks_from_poisonous_potato_stonecutting": {
    "criteria": {
      "has_poisonous_potato": "2024-11-17 00:38:41 +0000"
    },
    "done": true
  },
  "minecraft:recipes/transportation/spruce_boat": {
    "criteria": {
      "in_water": "2024-11-17 00:31:56 +0000"
    },
    "done": true
  },
  "minecraft:husbandry/root": {
    "criteria": {
      "consumed_item": "2024-11-17 00:26:59 +0000"
    },
    "done": true
  },
  "minecraft:recipes/transportation/birch_boat": {
    "criteria": {
      "in_water": "2024-11-17 00:31:56 +0000"
    },
    "done": true
  },
  "minecraft:recipes/transportation/oak_boat": {
    "criteria": {
      "in_water": "2024-11-17 00:31:56 +0000"
    },
    "done": true
  },
  "minecraft:recipes/building_blocks/coal_block": {
    "criteria": {
      "has_coal": "2024-11-17 00:32:36 +0000"
    },
    "done": true
  },
  "farmersdelight:recipes/cooking/fried_rice": {
    "criteria": {
      "has_any_ingredient": "2024-11-17 00:32:36 +0000"
    },
    "done": true
  },
  "gofish:fishing/crate/wooden_crate": {
    "criteria": {
      "fish": "2024-11-17 00:31:16 +0000"
    },
    "done": true
  },
  "reimaginingpotatoes:recipes/redstone/potato_battery": {
    "criteria": {
      "has_poisonous_potato": "2024-11-17 00:38:41 +0000"
    },
    "done": true
  },
  "reimaginingpotatoes:recipes/misc/potato_eye": {
    "criteria": {
      "has_poisonous_potato": "2024-11-17 00:38:41 +0000"
    },
    "done": true
  },
  "minecraft:recipes/transportation/mangrove_boat": {
    "criteria": {
      "in_water": "2024-11-17 00:31:56 +0000"
    },
    "done": true
  },
  "farmersdelight:recipes/cooking/beef_stew": {
    "criteria": {
      "has_any_ingredient": "2024-11-17 00:32:36 +0000"
    },
    "done": true
  },
  "minecraft:recipes/food/cooked_mutton": {
    "criteria": {
      "has_mutton": "2024-11-17 00:45:24 +0000"
    },
    "done": true
  },
  "minecraft:recipes/tools/flint_and_steel": {
    "criteria": {
      "has_obsidian": "2024-11-17 00:38:39 +0000"
    },
    "done": true
  },
  "minecraft:recipes/food/baked_potato_from_smoking": {
    "criteria": {
      "has_potato": "2024-11-17 00:38:41 +0000"
    },
    "done": true
  },
  "farmersdelight:recipes/cooking/bone_broth": {
    "criteria": {
      "has_bone": "2024-11-17 00:37:03 +0000"
    },
    "done": true
  },
  "minecraft:recipes/transportation/carrot_on_a_stick": {
    "criteria": {
      "has_carrot": "2024-11-17 00:32:36 +0000"
    },
    "done": true
  },
  "minecraft:recipes/food/cooked_mutton_from_campfire_cooking": {
    "criteria": {
      "has_mutton": "2024-11-17 00:45:24 +0000"
    },
    "done": true
  },
  "farmersdelight:recipes/cooking/pasta_with_mutton_chop": {
    "criteria": {
      "has_any_ingredient": "2024-11-17 00:45:24 +0000"
    },
    "done": true
  },
  "betterdungeons:all_dungeons": {
    "criteria": {
      "in_better_spider_dungeon": "2024-11-17 00:39:18 +0000"
    },
    "done": false
  },
  "farmersdelight:recipes/cooking/ratatouille": {
    "criteria": {
      "has_any_ingredient": "2024-11-17 00:32:36 +0000"
    },
    "done": true
  },
  "minecraft:recipes/building_blocks/white_wool_from_string": {
    "criteria": {
      "has_string": "2024-11-17 00:32:36 +0000"
    },
    "done": true
  },
  "minecraft:recipes/food/cooked_cod_from_campfire_cooking": {
    "criteria": {
      "has_cod": "2024-11-17 00:33:06 +0000"
    },
    "done": true
  },
  "consistency_plus:recipes/obsidian": {
    "criteria": {
      "has_block": "2024-11-17 00:38:39 +0000"
    },
    "done": true
  },
  "artifacts:amateur_archaeologist": {
    "criteria": {
      "find_artifact": "2024-11-17 00:28:37 +0000"
    },
    "done": true
  },
  "minecraft:recipes/misc/iron_nugget_from_blasting": {
    "criteria": {
      "has_iron_hoe": "2024-11-17 00:38:40 +0000"
    },
    "done": true
  },
  "minecraft:adventure/kill_a_mob": {
    "criteria": {
      "minecraft:skeleton": "2024-11-17 00:37:02 +0000"
    },
    "done": true
  },
  "minecraft:adventure/adventuring_time": {
    "criteria": {
      "minecraft:bamboo_jungle": "2024-11-17 00:45:28 +0000",
      "minecraft:beach": "2024-11-17 00:30:39 +0000",
      "minecraft:sparse_jungle": "2024-11-17 00:45:00 +0000",
      "minecraft:river": "2024-11-17 00:38:04 +0000",
      "minecraft:lush_caves": "2024-11-17 00:42:01 +0000",
      "minecraft:windswept_forest": "2024-11-17 00:27:14 +0000",
      "minecraft:windswept_savanna": "2024-11-17 00:26:54 +0000"
    },
    "done": false
  },
  "minecraft:husbandry/balanced_diet": {
    "criteria": {
      "golden_carrot": "2024-11-17 00:26:59 +0000"
    },
    "done": false
  },
  "minecraft:recipes/food/cooked_cod": {
    "criteria": {
      "has_cod": "2024-11-17 00:33:06 +0000"
    },
    "done": true
  },
  "minecraft:recipes/decorations/enchanting_table": {
    "criteria": {
      "has_obsidian": "2024-11-17 00:38:39 +0000"
    },
    "done": true
  },
  "reimaginingpotatoes:recipes/food/hot_potato": {
    "criteria": {
      "has_potato": "2024-11-17 00:38:41 +0000"
    },
    "done": true
  },
  "betterdungeons:spider_dungeon": {
    "criteria": {
      "in_better_spider_dungeon": "2024-11-17 00:39:18 +0000"
    },
    "done": true
  },
  "minecraft:recipes/decorations/loom": {
    "criteria": {
      "has_string": "2024-11-17 00:32:36 +0000"
    },
    "done": true
  },
  "farmersdelight:recipes/cooking/vegetable_soup": {
    "criteria": {
      "has_any_ingredient": "2024-11-17 00:32:36 +0000"
    },
    "done": true
  },
  "reimaginingpotatoes:recipes/misc/poisonous_polytra": {
    "criteria": {
      "has_poisonous_potato": "2024-11-17 00:38:41 +0000"
    },
    "done": true
  },
  "expandedstorage:recipes/misc/obsidian_to_netherite_conversion_kit": {
    "criteria": {
      "has_item": "2024-11-17 00:38:39 +0000"
    },
    "done": true
  },
  "reimaginingpotatoes:recipes/food/poisonous_potato_slices_from_poisonous_potato_stonecutting": {
    "criteria": {
      "has_poisonous_potato": "2024-11-17 00:38:41 +0000"
    },
    "done": true
  },
  "minecraft:recipes/transportation/dark_oak_boat": {
    "criteria": {
      "in_water": "2024-11-17 00:31:56 +0000"
    },
    "done": true
  },
  "minecraft:recipes/food/cooked_beef_from_campfire_cooking": {
    "criteria": {
      "has_beef": "2024-11-17 00:36:42 +0000"
    },
    "done": true
  },
  "DataVersion": 3465
}